Patient_ID,Patient_Name,Age,Gender,Blood_Type,Medical_Condition,Last_Visit_Date,Status
PT-1001,Matthew Brown,21,Other,O+,Hyperlipidemia,2026-04-05,Stable
PT-1002,Lisa Moore,29,Other,AB+,Hypertension,2026-01-03,Under Treatment
PT-1003,Elizabeth Taylor,21,Other,B-,Obesity,2026-04-15,Routine Checkup
PT-1004,David Smith,38,Other,AB+,Anxiety,2026-05-05,Under Treatment
PT-1005,Mark Hernandez,31,Male,AB+,Diabetes,2026-06-28,Recovered
PT-1006,Nancy Rodriguez,23,Other,AB-,Diabetes,2026-07-03,Routine Checkup
PT-1007,Barbara Martin,64,Other,B-,Diabetes,2026-01-22,Under Treatment
PT-1008,Mark Martinez,28,Male,A-,Obesity,2026-05-15,Recovered
PT-1009,Jennifer Lopez,63,Male,O+,Diabetes,2026-03-18,Under Treatment
PT-1010,Jennifer Anderson,66,Female,B-,Anxiety,2026-01-08,Stable
PT-1011,Margaret Hernandez,69,Female,A-,Hyperlipidemia,2026-06-07,Critical
PT-1012,Joseph Anderson,36,Female,B+,Hyperlipidemia,2026-09-18,Recovered
PT-1013,Betty Jackson,72,Other,AB+,Anxiety,2026-04-05,Routine Checkup
PT-1014,Sarah Williams,24,Male,B+,Asthma,2026-07-20,Stable
PT-1015,Joseph Gonzalez,77,Other,O+,Hypertension,2026-02-22,Routine Checkup
PT-1016,Mark Rodriguez,61,Male,O+,Obesity,2026-03-15,Stable
PT-1017,Betty Rodriguez,82,Male,A-,Healthy,2026-09-20,Under Treatment
PT-1018,Michael Lopez,38,Other,A+,Anxiety,2026-08-01,Stable
PT-1019,Ashley Lopez,57,Male,A+,Hyperlipidemia,2026-02-03,Critical
PT-1020,Donald Williams,34,Male,AB-,Asthma,2026-05-17,Routine Checkup
PT-1021,Jessica Miller,43,Other,O+,Obesity,2026-06-15,Routine Checkup
PT-1022,Thomas Brown,49,Male,A-,Anxiety,2026-01-19,Routine Checkup
PT-1023,Elizabeth Jackson,46,Male,A-,Hypertension,2026-04-03,Stable
PT-1024,Sandra Hernandez,27,Other,B-,Healthy,2026-08-07,Routine Checkup
PT-1025,Michael Jackson,78,Male,AB-,Obesity,2026-04-04,Stable
PT-1026,Lisa Wilson,63,Female,AB+,Arthritis,2026-01-22,Stable
PT-1027,Mary Gonzalez,61,Male,B-,Hyperlipidemia,2026-04-18,Critical
PT-1028,Michael Wilson,41,Female,AB-,Hyperlipidemia,2026-02-15,Routine Checkup
PT-1029,Patricia Johnson,19,Male,B-,Asthma,2026-07-16,Critical
PT-1030,William Gonzalez,25,Male,AB+,Hypertension,2026-07-09,Critical
PT-1031,Barbara Wilson,80,Male,B-,Healthy,2026-04-02,Routine Checkup
PT-1032,Betty Moore,25,Other,O-,Hypertension,2026-01-19,Critical
PT-1033,Charles Taylor,38,Male,A-,Asthma,2026-02-20,Stable
PT-1034,Lisa Davis,69,Male,B-,Hypertension,2026-02-14,Routine Checkup
PT-1035,Christopher Taylor,58,Female,B-,Anxiety,2026-04-09,Critical
PT-1036,Michael Martinez,76,Female,A-,Hypertension,2026-08-20,Routine Checkup
PT-1037,Patricia Williams,45,Other,O+,Asthma,2026-06-03,Under Treatment
PT-1038,Susan Martinez,38,Female,O+,Hypertension,2026-09-10,Stable
PT-1039,Steven Jones,51,Male,A-,Asthma,2026-05-10,Routine Checkup
PT-1040,William Hernandez,44,Other,O+,Arthritis,2026-05-28,Stable
PT-1041,Robert Wilson,53,Male,A+,Anxiety,2026-03-21,Recovered
PT-1042,Jennifer Anderson,72,Other,A+,Diabetes,2026-02-23,Under Treatment
PT-1043,Karen Johnson,65,Other,B+,Obesity,2026-03-02,Recovered
PT-1044,Susan Johnson,63,Male,B-,Diabetes,2026-06-25,Routine Checkup
PT-1045,Steven Wilson,37,Male,B+,Asthma,2026-07-01,Under Treatment
PT-1046,Betty Hernandez,70,Other,B-,Healthy,2026-03-26,Stable
PT-1047,Joseph Johnson,78,Male,B-,Arthritis,2026-06-10,Under Treatment
PT-1048,Elizabeth Smith,42,Female,O-,Healthy,2026-02-25,Recovered
PT-1049,Susan Taylor,69,Other,O-,Hypertension,2026-02-09,Under Treatment
PT-1050,Christopher Rodriguez,22,Male,AB+,Anxiety,2026-06-14,Routine Checkup
PT-1051,Charles Brown,67,Other,B-,Healthy,2026-01-23,Critical
PT-1052,John Taylor,43,Female,AB+,Diabetes,2026-06-20,Recovered
PT-1053,Lisa Brown,56,Other,O+,Obesity,2026-06-13,Recovered
PT-1054,Karen Jones,42,Female,AB+,Asthma,2026-05-13,Routine Checkup
PT-1055,Donald Smith,56,Female,B-,Obesity,2026-06-15,Critical
PT-1056,Thomas Miller,83,Female,B+,Diabetes,2026-05-17,Routine Checkup
PT-1057,Richard Williams,48,Other,O+,Hyperlipidemia,2026-04-05,Stable
PT-1058,Mary Davis,78,Other,A-,Arthritis,2026-07-21,Routine Checkup
PT-1059,William Gonzalez,81,Female,B-,Asthma,2026-01-25,Stable
PT-1060,Mark Wilson,46,Male,AB-,Hypertension,2026-09-08,Stable
PT-1061,Thomas Jones,77,Other,O-,Arthritis,2026-09-14,Routine Checkup
PT-1062,Thomas Garcia,78,Female,O+,Hyperlipidemia,2026-05-25,Routine Checkup
PT-1063,Sarah Davis,53,Female,A-,Healthy,2026-04-09,Recovered
PT-1064,Richard Moore,28,Male,B+,Hyperlipidemia,2026-07-23,Under Treatment
PT-1065,Anthony Miller,26,Female,AB+,Anxiety,2026-09-15,Critical
PT-1066,Mary Miller,71,Female,A+,Obesity,2026-08-01,Recovered
PT-1067,Barbara Gonzalez,71,Other,B-,Arthritis,2026-04-09,Critical
PT-1068,Sarah Smith,67,Female,AB+,Asthma,2026-08-05,Routine Checkup
PT-1069,Karen Smith,68,Other,A+,Diabetes,2026-07-05,Critical
PT-1070,Jennifer Johnson,51,Female,O-,Hyperlipidemia,2026-08-11,Recovered
PT-1071,Mark Gonzalez,53,Female,O+,Diabetes,2026-08-01,Routine Checkup
PT-1072,Mary Lopez,46,Other,A-,Hypertension,2026-01-08,Under Treatment
PT-1073,Donald Smith,37,Male,B+,Arthritis,2026-02-19,Under Treatment
PT-1074,Thomas Rodriguez,65,Male,A-,Asthma,2026-05-04,Routine Checkup
PT-1075,John Martinez,66,Female,B-,Diabetes,2026-04-04,Recovered
PT-1076,Sandra Martin,33,Other,A+,Anxiety,2026-09-14,Recovered
PT-1077,Robert Taylor,61,Male,AB+,Arthritis,2026-02-14,Recovered
PT-1078,Matthew Anderson,37,Female,B+,Healthy,2026-09-25,Critical
PT-1079,Thomas Wilson,52,Female,B-,Diabetes,2026-05-15,Under Treatment
PT-1080,Mark Anderson,66,Female,A+,Arthritis,2026-06-06,Critical
PT-1081,William Lopez,51,Female,O+,Healthy,2026-09-01,Routine Checkup
PT-1082,William Williams,48,Other,AB+,Arthritis,2026-09-25,Under Treatment
PT-1083,Anthony Thomas,80,Female,A+,Diabetes,2026-05-08,Critical
PT-1084,Anthony Davis,57,Other,O-,Arthritis,2026-09-17,Recovered
PT-1085,Jessica Moore,60,Female,AB-,Healthy,2026-05-09,Under Treatment
PT-1086,Patricia Miller,58,Male,B+,Hyperlipidemia,2026-04-24,Critical
PT-1087,David Jackson,85,Other,O+,Diabetes,2026-04-10,Under Treatment
PT-1088,Susan Garcia,56,Male,B+,Healthy,2026-01-02,Routine Checkup
PT-1089,Barbara Jones,80,Male,A+,Healthy,2026-08-16,Critical
PT-1090,Richard Garcia,24,Female,AB-,Diabetes,2026-02-13,Critical
PT-1091,Robert Jackson,24,Male,B+,Healthy,2026-02-08,Stable
PT-1092,Karen Wilson,46,Other,AB+,Arthritis,2026-08-10,Routine Checkup
PT-1093,Jessica Martinez,25,Other,A-,Hyperlipidemia,2026-04-09,Stable
PT-1094,Jennifer Davis,40,Other,A-,Asthma,2026-01-14,Critical
PT-1095,Anthony Martin,78,Female,A+,Hyperlipidemia,2026-05-23,Recovered
PT-1096,Anthony Anderson,27,Other,B-,Healthy,2026-04-14,Stable
PT-1097,Karen Davis,37,Female,B+,Diabetes,2026-01-06,Recovered
PT-1098,Nancy Jackson,54,Female,A-,Arthritis,2026-05-23,Critical
PT-1099,David Taylor,81,Female,A-,Hypertension,2026-07-24,Recovered
PT-1100,Nancy Rodriguez,21,Male,B-,Hypertension,2026-05-19,Stable
